title,location,Main_task,qualifications,Preferred_Qualifications,skils,url
"딥러닝/머신러닝(AI) 개발자 [신입, 전문연구요원(보충역/전직) 가능",경기 성남시,"• 생체 신호 기반 딥러닝/머신러닝 모델 개발
• 내부 토론식 세미나를 통해 문제점 및 해결방안 도출
• 데이터 전처리, 통계 기반 데이터 분석","* 지원 시 포트폴리오 제출 필수 (연구 자료, 논문 자료 등)
• 딥러닝/머신러닝에 대한 개념적인 이해 및 모델링 경험
• 논문 기반 분석 및 모델링 능력을 보유하신 분
• Python 프로그램 개발 능력
• Tensorflow/PyTorch 등 딥러닝 프레임워크 개발 경험자
• 데이터에 대한 통계학적 이해 및 분석 경험

** 해당 포지션은 전문연구요원 2025년 현역 신규편입은 불가합니다.","• 디지털 신호처리 알고리즘 개발 경험자
• 통계학과, 응용수학과, 산업공학, 전자공학, 컴퓨터공학 등 관련 분야 전공자
• 딥러닝 논문을 코드로 구현하고 실험/분석 역량 보유자
• 의료, 보건 헬스케어 관련 기초 지식 보유 또는 관련 프로젝트 경험자","['Git', 'Android', 'iOS', 'MySQL', 'Pytorch', 'React', 'Tensorflow', 'HTML', 'Java', 'JavaScript', 'Kotlin', 'Python', 'Swift', '딥 러닝', 'AWS']",https://www.wanted.co.kr/wd/188191
AI Engineer (병특 전문연구요원가능),서울 종로구,"[기술스택]
-Language - Python
-Framework - Pytorch, Tensorflow, Keras, onnx, Langchain, Langgraph
-Infra - AWS, GCP, Kubernetes, Docker, Github

-Diffusion 기반 generative AI model 을 통한 Image, Video 생성 모델 서비스 구축
-공개된 상업용 AI API 활용을 통한 서비스 구현
-새로운 AI trend 에 대한 연구 및 활용","컴퓨터과학/데이터사이언스 전공자 또는 AI/ML 관련 전문 지식 보유자
* 신입/전문연구요원은 석사 이상 필수
-Python, Pytorch, Tensorflow, Keras 등 AI 개발 도구 활용 경험
-아래 조건 중 1개 이상 해당하는 분
* Diffusion 기반 generative AI model 을 사용한 서비스를 구축해 보았거나 하실 수 있는 분
* 그 외에 다양한 AI/ML 분야에 3년이상의 경험이 있으신분","-AI / ML 조직 리딩 경험
-DevOps 엔지니어링 경험
-AI / ML 을 활용한 서비스 구축 및 운영 경험
-AI / ML / 데이터사이언스 분야 석,박사 학위자 또는 그에 준하는 경력자
-비지니스 레벨의 일본어, 영어 구사가 가능한 분","['Github', 'Pytorch', 'Tensorflow', 'Python', 'AWS', 'Docker', 'Kubernetes']",https://www.wanted.co.kr/wd/255120
[이미지/비디오 생성형 AI] Research Engineer (전문연구요원),서울 강남구,"• 비디오 생성 모델 개발 (video generation / frame interpolation)
• 모델 경량화 및 인퍼런스 가속화
• 대규모 데이터셋 수집, 정제, 평가","• 컴퓨터 공학, 전산학 또는 관련 분야 석사 이상 학위 소지자
• AI 및 머신러닝 관련 프로젝트 경험
• 문제 해결 능력 및 창의적인 사고","• 이미지/비디오 처리 관련 연구 경험
• 대규모 데이터셋 처리 및 분석 경험
• 논문 작성 및 발표 경험
• 팀 협업 및 커뮤니케이션 능력",[],https://www.wanted.co.kr/wd/263463
Research Scientist,서울 강남구,"SwiftMR 제품 코드 중 모델 알고리즘 파트 코드 관리
SwiftMR Research팀 최전선에서 실제 고객에게 제품의 형태로 배포될 python 코드 유지 보수 및 업데이트
세계 각지 고객 요청에 대응해 샘플 다이콤 영상 제품 모델 처리 및 결과물 소통","업무 맥락 파악 및 소통 능력 (예외 상황 발생 시 빠른 대처 및 투명한 소통, 담당 업무의 필요성에 대한 깊은 이해)
업무 완성도에 대한 높은 기준 (마감 시간 및 꼼꼼함)
수학적 사고력 (수식으로 된 코드를 읽고 이해할 수 있는 능력)","Python 코드 관리 경험
수학과 친하신 분
의료 AI분야에 관심이 있으신 분",['Python'],https://www.wanted.co.kr/wd/258011
전문연구요원_AI 개발자 (병역 특례),경기 성남시,"• 크라우드 펀딩 플랫폼을 위한 다양한 서비스에 적용되는 AI모델 설계
• 서비스 데이터를 기반으로 자동화 파이프라인 설계 및 개발
• Endpoint API 개발 및 서비스 적용 및 개선","• 공학 석사 이상의 학위를 소지하고 계신 분
• ai 를 활용한 실험 논문을 소지하고 계신 분
• 생성형 AI모델(LLM)을 활용한 응용 프로젝트 수행 경험
• Elasticsearch, LangChain 등 RAG (검색증강생성) 개발, Agent 개발 연구 또는 관련 프로젝트 수행 경험
• 모델 검증을 위한 대규모 데이터셋 처리 및 최적화 경험
• SQL 과 Python 사용이 능숙하신 분","• AWS 의 Serverless (람다) 혹은 k8s 환경에서의 서비스 오픈 경험
• Snowflake 등 빅데이터의 추출과 전처리를 활용하여 데이터 분석과 개선방향에 대한 리포트 경험
• 오픈소스 LLM 모델 개발 경험","['Python', 'SQL']",https://www.wanted.co.kr/wd/263224
Operation / Digital Consultant,서울 강남구,"[Job Description]

• 데이터 분석가와 Business 컨설턴트로 이루어진 팀 단위 프로젝트 수행
• 고객/매출 및 제조/공정 등 고객사 현황 분석을 통한 인사이트 도출 및 문제정의
• Business 및 데이터 분석 인사이트 기반 문제 해결 (프로세스 개선, 경영진/현업 의사결정 지원)
• 분석 결과 활용, 고객 업무 Digital Transformation 위한 Process Re-design
• 고객사 업무 적용 위한 분석 모델 설계 및 개발","• Python 기반 머신러닝 / 딥러닝 모델 개발 가능한 분
• SQL / Phython 기반 데이터 모델링 / 엔지니어링 가능한 분
• Cloud 환경 (AWS, MS AZURE 등) 활용이 원활한 분
• 논리적 사고 및 분석력 보유한 분
• Full-time 근무 가능한 분
• 지방 및 해외 출장 가능한 분","• 제조업 및 SCM 오퍼레이션 관련 경험/ 이해 역량 보유한 분
• 통계, ML/DL 이해 및 모델 설계 경험
• Microsoft office 활용 역량 보유한 분","['MySQL', 'Python', 'SQL', 'AWS']",https://www.wanted.co.kr/wd/178246
"ML engineer/ AI researcher (전문연구요원 - 보충역, 전직자)",서울 강남구,"• AI 팀, 제품 개발팀 및 외부 연구 기관과 협력하여 최신 머신러닝 모델을 개발하고, 모델 학습 및 성능 평가를 담당합니다.
• 반도체 전문가들과 긴밀히 협력하여 혁신적인 단위공정 모델링 도구를 개발하고, 현장의 피드백을 적극 반영합니다.
• 단위공정 모델링은 아직 AI 도입이 활발하지 않은 분야입니다. 모델링 목표 수립부터 설계, 개발까지 전 과정을 주도적으로 이끌면서 새로운 영역을 개척해 나갈 수 있는 좋은 기회입니다","• 컴퓨터 공학 석사 학위, 관련 기술 분야 학위 또는 그에 준하는 실무 경험
• Python을 중심으로 한 탄탄한 프로그래밍 실력
• PyTorch 등 최신 머신러닝 프레임워크 활용 경험
• 머신러닝 연구 및 개발 전반에 대한 경험
• 소프트웨어 설계/아키텍처 역량을 갖춘 엔지니어링 실력
• 머신러닝 이론에 대한 깊은 이해와 이를 활용한 문제 해결 능력
• 뛰어난 구두 및 서면 커뮤니케이션 능력","• 반도체 소자 데이터 관련 업무 경험
• 대규모 머신러닝 모델 개발 경험


[제출서류]
• 필수: 이력서(자유양식)
• 선택: 포트폴리오(자유양식)

[포트폴리오]
• 형식: pdf, github 등 자유형식
• 필수요소: 본인이 참여한 주요 프로젝트들의 목록/기간, 사용 플랫폼과 언어, 핵심 아이디어 요약, 구체적인 역할과 기여 명시","['Github', 'Python', 'AWS']",https://www.wanted.co.kr/wd/262796
ML engineer/ AI researcher (Junior),서울 강남구,"• AI 팀, 제품 개발팀 및 외부 연구 기관과 협력하여 최신 머신러닝 모델을 개발하고, 모델 학습 및 성능 평가를 담당합니다.
• 반도체 전문가들과 긴밀히 협력하여 혁신적인 단위공정 모델링 도구를 개발하고, 현장의 피드백을 적극 반영합니다.
• 단위공정 모델링은 아직 AI 도입이 활발하지 않은 분야입니다. 모델링 목표 수립부터 설계, 개발까지 전 과정을 주도적으로 이끌면서 새로운 영역을 개척해 나갈 수 있는 좋은 기회입니다","• 컴퓨터 공학 석사 학위, 관련 기술 분야 학위 또는 그에 준하는 실무 경험
• Python을 중심으로 한 탄탄한 프로그래밍 실력
• PyTorch 등 최신 머신러닝 프레임워크 활용 경험
• 머신러닝 연구 및 개발 전반에 대한 경험
• 소프트웨어 설계/아키텍처 역량을 갖춘 엔지니어링 실력
• 머신러닝 이론에 대한 깊은 이해와 이를 활용한 문제 해결 능력
• 뛰어난 구두 및 서면 커뮤니케이션 능력","• 반도체 소자 데이터 관련 업무 경험
• 대규모 머신러닝 모델 개발 경험


[제출서류]
• 필수: 이력서(자유양식)
• 선택: 포트폴리오(자유양식)

[포트폴리오]
• 형식: pdf, github 등 자유형식
• 필수요소: 본인이 참여한 주요 프로젝트들의 목록/기간, 사용 플랫폼과 언어, 핵심 아이디어 요약, 구체적인 역할과 기여 명시","['Github', 'Python', 'AWS']",https://www.wanted.co.kr/wd/262798
딥러닝 연구원 / 엔지니어 (전문연구요원 가능),서울 강남구,"1.딥러닝 모델 연구 개발
- 얼굴 및 몸 영상 생성 및 합성 (2D 또는 3D)
- 음성 합성 (TTS) 및 음성 변환 (VST)
- 딥페이크 탐지 (영상 및 음성)
- 자연어 처리 (LLM, G2P 등)
2.영상, 음성, 텍스트 처리 및 분석 기술 개발
3.딥러닝 모델 최적화 및 서버 개발 (MLOps)","관련 분야 전공자 및 경력자
관련 알고리듬 및 라이브러리 전문가
석사 이상 학위 소지자 (전문연구요원)","관련 분야 성과 (논문, 특허, 서비스 출시 등)",[],https://www.wanted.co.kr/wd/251783
[AI연구소] AI연구원 - Computer Vision AI,서울 구로구,"• 컴퓨터 비전 관련 연구 및 모델 개발
• 영상 처리 알고리즘 개발
• 관련 학회 논문 제출 및 특허 작성","• AI 관련 분야 석사 학위 이상
• Pytorch, Tensorflow등 주요 Deep Learning framework 활용 능력
• Linux/Shell, docker/Container 활용 능력
• 형상관리 툴 활용 능력
• 의사 소통 능력","• 대규모 데이터 관리 및 전처리 경험
• VLM(Vision Language Model) 개발 경험
• 국제/국내 인공지능 대회 수상 이력
• 주요 학술대회에 논문 게재 이력","['Linux', 'Pytorch', 'Tensorflow', 'Shell', 'Docker']",https://www.wanted.co.kr/wd/236095
신약개발 특허분석 인공지능 연구원,인천 연수구,"• 특허 문서 수집(Crawling)
• 특허 DB 구축(SQL)
• 특허분석 모델 개발(OCR)
• 특허성 판단 모델 개발
• 특허회피 모델 개발



• 다양한 공개데이터 및 LLM을 활용한 연구지원 모델 개발","• 석사학위 이상 (수학/물리/화학/컴공)
• 대량의 데이터 수집 및 분석 능력
• 인공지능에 대한 높은 이해력
• 자격요건을 미충족할 경우 훌륭한 동기와 실력","• Top Tier 논문
• 추천서
• 신약개발 관련 경력",[],https://www.wanted.co.kr/wd/258119
Computer Vision AI Engineer_Junior,서울 서초구,"• 컴퓨터 비전 기반 무인매장(아마존 ""Grab and Go""와 유사)용, 컴퓨터 비전 딥러닝 모델
(Object Detection, Pose Estimation 등) 개발, 최적화, 상용화
• 사업 도메인에 특화된 문제를 해결하기 위한 특화된 모델 개발
• 딥러닝 모델 설계를 통한 성능/정확도 개선 및 튜닝을 통한 추론 효율성 증대
• 딥러닝 모델 경량화","• 뛰어난 프로그래밍 스킬
• Python, PyTorch/TensorFlow
• 컴퓨터 비전 딥러닝 모델 개발 경험(classification, object detection & segmentation, pose estimation)
• 최신(state-of-the-art) 딥러닝 연구 topics and methods 익숙/관심
• 논리적인 사고","• 관련 경험 2년 이상
• 관련 전공 석사 이상
• 뛰어난 커뮤니케이션",[],https://www.wanted.co.kr/wd/235822
Prompt Engineer,서울 종로구,"• 프롬프트 최적화를 통한 AI 모델 성능 향상
• 다양한 사용 사례에 적합한 프롬프트 설계 및 테스트
• 최신 AI 트렌드 및 기술 연구","• 프롬프트 설계 및 AI 활용 경험
• NLP 및 머신러닝 기본 지식
• 문제 해결 능력 및 창의적 사고","• LLM(대규모 언어 모델, 예: GPT, BERT 등) 관련 프로젝트 경험
• AI 모델 학습 데이터 생성 및 처리 경험
• Python 또는 기타 프로그래밍 언어를 활용한 AI 모델 개발 경험
• AI/ML 워크플로우 도구(Azure ML, TensorFlow, PyTorch 등) 사용 경험
• 데이터 처리 및 분석 도구 활용 능력(Pandas, NumPy 등)
• A/B 테스트 설계 및 결과 분석 경험
• 클라우드 기반 AI 서비스(AWS SageMaker, GCP AI 등) 활용 경험
• 스타트업 또는 AI 관련 프로젝트 참여 경험",[],https://www.wanted.co.kr/wd/261241
인공지능 음성 합성(TTS) 전문가,서울 송파구,"• 다국어/다감정/다화자/소용량 TTS 모델 개발 및 성능개선
• ONNX/TensorRT를 이용한 인퍼런스 고속화 엔진 개발","• 딥러닝 기술에 대한 학습/추론에 대한 깊은 이해
• Python/PyTorch에 대한 높은 숙련도
• 최신 음성 합성 모델에 대한 깊은 이해, 개발 경험, 전문성
• 최신 논문에 대한 Reproduction 능력
• TensorRT를 활용한 모델 고속화 구현 능력
• ONNX를 활용한 C++ 기반 딥러닝 서빙 엔진 개발 경험","• 딥러닝기반 인공지능 관련 분야의 석사 학위 이상
• 딥러닝기반 음성합성 모델 및 엔진의 상용화 경험",[],https://www.wanted.co.kr/wd/261542
"Physical AI Research Scientist (강화학습, 시뮬레이션)",서울 금천구,"[인터엑스가 찾는 인재]

자신의 전문성을 바탕으로 꾸준히 학습하고 활용하면서 그 분야 고수로 인정받는 사람
이러한 능력을 바탕으로 미래의 새로운 가치를 만드는 사람
해당 분야에 최고의 지식과 경험을 가진 동시에 실제 가치를 만드는 사람
이런 능력을 다른 전문가들이 신뢰하는 수준으로 전달할 수 있는 사람
새로운 가치를 만들기 위해 몰입하고 협력하여 끝까지 완수해내는 사람


제출해주신 이력서와 포트폴리오를 기반으로 위의 인재상에 부합하는 부분을 인터뷰 시에 심도 깊게 확인할 예정입니다.

인터뷰 질문 또한 미리 공개드리오니 연구소 채용에 대한 안내 가이드의 많은 관심과 지원 부탁드립니다!

안내 가이드 링크: https://bit.ly/3YBzf9P""





[채용팀 Talk]

인터엑스에서 강화학습 및 시뮬레이션 전문가를 찾습니다!

인터엑스는 AI와 디지털 트랜스포메이션(DX)을 통해 제조 혁신을 선도하는 기업으로,

Digital Twin & Simulation 기술을 활용하여 제조업의 미래를 설계하고 있습니다.

""AI와 Robotics의 새로운 가능성을 열어보고 싶으신가요?""

가상 시뮬레이션 환경에서 최적의 Action Policy를 설계하고,

로봇과 설비가 자율적으로 동작할 수 있는 AI 솔루션 개발을 주도할 수 있는 분을 기다립니다.





[담당업무]

생성형 AI 모델을 사용하여 이미지/영상 합성 데이터 생성 (synthetic data generation)
로봇과 설비의 물리세계를 모사하는 시뮬레이션 모델 설계 (공간관계, 물리적 규칙)
로봇, 설비가 물리 세계를 인지, 이해, 추론하여 자율적으로 행동할 수 있도록 가상 시뮬레이션 환경에서 강화 학습을 이용하여 최적의 action policy 훈련
Digital Twin & Simulation 엔지니어, Robotics 엔지니어와 협업","[필수 경험과 역량]

강화학습 이론에 대한 깊은 이해와 강화학습 Framework 경험이 있으신 분 (예: Stable Baselines3, RLlib, Acme 등)
생성형 AI 모델 (VAE, Diffusion models, NVIDIA Cosmos) 개발 경험이 있으신 분
Computer Vision: CNNs, Vision Transformers(ViTs), image tokenizer 경험이 있으신 분
시뮬레이션 환경(NVIDIA Omniverse, Isaac Sim, Unity) 개발 경험이 있으신 분
Python, PyTorch 경험이 있으신 분","[우대사항]

강화학습/시뮬레이션 전공 박사 학위를 보유하신 분
로봇, 설비 자율운전을 위한 강화학습/시뮬레이션 경험이 있으신 분
AI, Robotics 관련 Top SCI급 저널 기고, 특허 보유하신 분",['Python'],https://www.wanted.co.kr/wd/261251
[인턴] AI Team,서울 강남구,"• AI 모델링 및 개발
• 데이터 수집 및 전처리
• 모델 성능 평가 및 개선
• 관련 기술 조사 및 적용","• AI 관련 학부/대학원 전공하고 계시거나 이수하신 분
• 딥러닝에 대한 기본적인 지식을 갖고 계신 분
• Python, PyTorch 등의 AI 개발 도구 활용 능력이 있는 분
• NLP 모델 학습 경험이 있으신 분","• 딥러닝 모델링 경험이 있는 분
• AI 분야의 다양한 경험 (자연어처리, 이미지, 음성)을 가진 분
• AI 주제의 논문을 작성해보신 분",['ML'],https://www.wanted.co.kr/wd/168348
NPU RTL 설계 엔지니어 (전문연구요원/신입),서울 강남구,"• NPU Architecture 설계
• NPU Core HW RTL Coding, Verification",• Verilog HDL 설계 경험,"• 딥러닝 알고리즘 이해
• CPU Architecture, GPU Architecture 이해",['Verilog'],https://www.wanted.co.kr/wd/259898
AI Engineer(LLM),서울 마포구,"• word embedding, text clustering 등 NLP 기술을 이용한 텍스트 데이터 전처리
• text chunking , semantic matching 등을 활용한 문서 탐색 시스템 구조화
• vector DB를 활용한 문석 검색 시스템 최적화
• Retriever, Reader 등 유사 문서 검색 알고리즘 최적화
• sLLM fine-tunning, ensemble 연구
• prompt engineering

전형 절차
• 서류전형, 1차 전화 면접, 2차 대면 면접, 레퍼체크 및 처우 협의, 최종 합격","• 학력 : IT/공학 관련 석사 이상
• 경력 : 무관, 신입 지원 가능

• 기술
- 고수준의 python 활용 능력 및 tensorflow, pytorch 활용 능력
- Deep Learning (nlp, vision, audio, ...) 관련 프로젝트 경험이 있으신 분

• 태도
- 팀원간 명확한 의사소통 능력 (중요)
- 기록과 정리 관련하여 중요성을 알고, 꾸준히 실천하실 분
- 목표 달성을 위한 끈기와 높은 성과 의지
- 빠른 학습 능력과 문제 해결 능력
- AI 분야의 최신 동향에 관심이 많고 관련하여 지속적으로 학습, 성장이 가능하신 분
- 프로젝트 진행을 위해, 적극적으로 여러 직군의 이해관계자와 협업할 수 있는 커뮤니케이션 능력을 갖추신 분
- 스타트업의 초기 팀원으로 회사와 같이 성장해 나갈 열정이 넘치시는 분","- LLM 관련 프로젝트 경험
- github, jira 시스템 사용 경험, 활용 능력
- pandas, matplotlib 사용 경험, 활용 능력
- 자연어처리, 컴퓨터 비전, 추천시스템 등 특정 분야의 AI 논문을 깊게 읽어본 경험
- 웹서비스에 대한 이해
- 팀단위 프로젝트에 참여하여 원활한 협업으로 프로젝트 완료에 기여한 경험
- 프로젝트 리딩 경험","['Git', 'Github', 'Linux', 'MySQL', 'Pytorch', 'Tensorflow', 'Python', 'AWS', 'Go', 'Docker', 'Ubuntu', 'Notion', 'FastAPI']",https://www.wanted.co.kr/wd/219083
[전문연구요원] Computer Vision Engineer,경기 수원시,"• Vision 관련 딥러닝 모델과 서비스의 운용을 위한 파이프라인 개발
• 솔루션 형태의 다양한 Vision AI 제품 개발 및 관리
• 카메라 하드웨어와 연동된 프로젝트 진행","• C++/C# Solution 개발 경험
• 석사 이상 (2년 차 이상)
• 지원 자격 : 컴퓨터 공학
• 필수 언어 : C++, Python
• 이수 과목 : 선형대수학, 수치해석","• MLops 관련 개발 경험
• NVIDIA Framework (CUDA, JetPack, Tensor) 관련 작업 경험
• 데이터 및 GPU 서버를 활용한 AI 모델 서빙 경험
• (optional) 컴퓨터 비전 문제 해결 경험
- 물체 인식 (Detection / Classification / Segmentation)
- Anomaly Classification / Segmentation
• C++ 기반 프로젝트 경험
• 카메라 하드웨어 관련 활용 경험","['C#', 'Python', 'C++']",https://www.wanted.co.kr/wd/259584
연구소 회로설계 및 HW 개발,경기 화성시,"• Analog/Digital 회로 설계(OPAMP, DAC, ADC)
• H/W 성능 및 시험 검증
• 개발단계 부품 발주 및 관리","• 학력 : 초대졸이상
• 경력 : 0 ~ 7년
• 신입지원 가능
• 해외 여행에 결격 사유가 없는자
• 고용 형태 : 정규직(수습 3개월)
• 근무 지역 : 경기 화성시
• 근무 요일/시간 : 주5일(월~금) | 09:00 ~ 18:00","• 디스플레이 검사장비(OLED, Micro-LED) 개발 경험자
• 반도체 계측장비 회로개발 경험자
• FPGA 설계 경험자",[],https://www.wanted.co.kr/wd/241168
AI 엔지니어(NLP/LLM),서울 송파구,"• LLM 모델 커스터마이징을 위한 대규모 데이터 관리(전처리, 후처리)
• LLM 모델 학습 과정 및 결과에 대한 정량적 분석
• LLM 모델 서비스를 위한 프롬프트 엔지니어링 및 RAG 연구","• 최신 NLP (특히 LLM) 모델을 사용하거나 공부한 경험이 있으신 분
• NLP Production 개발 경험이 있으신 분
• LLM Model을 serving하거나 finetuning 해보신 분
• 적절한 답변 유도를 위해 Prompt engineering을 수행해보신 분
• 최신 논문 읽기 및 이해 능력 가능하신 분.
• 독립적인 연구 및 실험 설계 가능하신 분.
• 강력한 문제 해결 능력과 비판적 사고 능력있으신 분.","• 자연어 처리(NLP) 및 머신러닝(ML) 분야에서의 최소 3-5년 이상의 실무 경험.
• 관련 분야의 석사 또는 박사 학위 소지자.
• 대규모 언어 모델(예: GPT, BERT 등) 연구 및 개발 경험.
• 적극적이고 진취적인 태도
• 최신 기술 동향에 대한 지속적인 학습 및 적용 의지",[],https://www.wanted.co.kr/wd/259565
인공지능(AI) 개발자,서울 중구,"• 대규모 데이터 처리 및 AI 모델 학습
• AI 기술을 활용한 서비스 자동화 및 비용절감
• 딥러닝, 머신러닝 알고리즘을 활용한 서비스 고도화","• 항공/여행 산업에 대한 이해 및 관심
• AI 모델의 실서비스 적용 및 운영 경험
• 추천 시스템, 예측 모델 또는 자연어 처리(NLP) 프로젝트 경험","• AI 모델의 실서비스 적용 및 운영 경험
• 추천 시스템, 예측 모델 또는 자연어 처리(NLP) 프로젝트 경험
• 항공/여행 산업에 대한 이해 및 관심",['Python'],https://www.wanted.co.kr/wd/257537
SW개발 AI 개발자,경기 수원시,"ㆍAP, GPS, 비콘 및 사내그룹웨어 데이터 기반 동선추적으로 자동 근태를 측정할 수 있는 AI프로세스 정립
ㆍ사고예방 시스템 AI학습을 위한 데이터 수집방법 및 Schema 정의
ㆍ위치기반 알림전송, 산업현장에서의 위험구역 자동설정 AI개발
ㆍAI 학습 모델 개발 및 개선
ㆍAI를 응용한 산업안전사고 예방 시나리오 생성
ㆍ정부과제작성 및 과제 운영 RCMS 예산집행","ㆍ경력 : 무관 (신입도 지원 가능)
ㆍ직무역량
3가지 이상의 모델링 방법을 사용해보신 분
대용량 데이터처리 경험이 있으신 분
시계열 데이터 처리경험이 있으신 분
연도별 AI성능에 대한 목표수준을 정하고, 달성 가능한 분
관련 전공 석사학위 이상 보유자
소규모 TFT, CFT를 직접 구성하여 리드해보신 분","ㆍ서비스 기획이 가능하신 분
ㆍ관련직종 5년이상 근무하신 분
ㆍ영상/이미지 처리가 가능하신 분
ㆍ정부과제 수행경험이 있으신분",[],https://www.wanted.co.kr/wd/257108
AI 엔지니어 (Stable diffusion / VITON),서울 강남구,"연구목표
• Stable diffusion 및 VITON 모델을 활용하여 사진 -＞ 내옷 복원, 내옷 -＞ 내가 입은 모습을 효과적으로 재현할 수 있는 기술 개발 (기존 모델 차용, 자체 모델링, 자체 학습 등 필요한 모든 것 수행)
• 실제 에이클로젯 서비스에 탑재하기 위한 시스템 기술 및 인프라 개발
• 최적화된 성능을 보장하기 위한 전후처리 기술 개발 및 이에 필요한 이미지/언어 딥러닝 모델 개발 및 도입
• ML 모델링에만 집중하지 않고, 데이터의 의미와 상태를 끊임없이 개선","• 딥러닝에 대한 기초 지식이 매우 뛰어나신 분
• Stable diffusion 에 대한 기본 소양 및 관련 논문 또는 프로젝트 경험하신 분
• 석/박사 또는 이에 상응 하신 자격을 갖추신 분
• DL Framework (Pytorch, Tensorflow, Keras) 중 1가지 이상을 자유롭게 활용 가능한 분
• 긍정적이고 도전적이며, 필요한 일을 정의하여 주도적으로 일하는 사람 (가장 중요한 필수요건)
• 전 세계 에이클로젯 유저들에게 그들의 옷장 데이터, 최신 AI 모델/LLM을 활용하여 새로운 가치를 제공하고 싶은 분
• 큰 기업과 스타트업의 차이를 알고 있고, 스타트업 마인드를 보유하고 있는 분
• AI 에 대한 기본 개념을 잘 이해하고 있고, 관련 프로젝트를 다수 수행해본 분
• ""연구""적으로 의미가 깊은 것 보다는, 실제 서비스에 필요하고 사용자들의 편의성을 높이는 기술 개발에 대한 높은 관심 (연구 목적의 업무는 조금도 하지 않습니다)
• Notion/Slack을 통한 커뮤니케이션, Github를 통한 버전관리에 익숙하신 분","•이전에 도전적인 성과를 주도적으로 이뤄나간 경험을 보유한 분
•스스로 업무 계획을 세분화하고 추진하는 역량을 보유한 분
•새로운 것을 빠르게 배울 수 있고, 실제로 빠르게 배워서 성과를 낸 경험이 있는 분
•MLflow, WandB, Neptune 관련 기술 및 경험이 있으신 분
•데이터의 통계적 분석과 모델 분석을 통한 insight가 있으신 분

현재 사용하는 기술/환경
• Pytorch, Python, Github, MLFlow, Opencv, AWS, GCP, Docker
• Notion, Slack, Jira",[],https://www.wanted.co.kr/wd/256995
딥러닝 엔지니어,서울 강남구,"연구목표
• Stable diffusion 및 VITON 모델을 활용하여 사진 -＞ 내옷 복원, 내옷 -＞ 내가 입은 모습을 효과적으로 재현할 수 있는 기술 개발 (기존 모델 차용, 자체 모델링, 자체 학습 등 필요한 모든 것 수행)
• 실제 에이클로젯 서비스에 탑재하기 위한 시스템 기술 및 인프라 개발
• 최적화된 성능을 보장하기 위한 전후처리 기술 개발 및 이에 필요한 이미지/언어 딥러닝 모델 개발 및 도입
• ML 모델링에만 집중하지 않고, 데이터의 의미와 상태를 끊임없이 개선","• 딥러닝에 대한 기초 지식이 매우 뛰어나신 분
• Stable diffusion 에 대한 기본 소양 및 관련 논문 또는 프로젝트 경험하신 분
• 석/박사 또는 이에 상응 하신 자격을 갖추신 분
• DL Framework (Pytorch, Tensorflow, Keras) 중 1가지 이상을 자유롭게 활용 가능한 분
• 긍정적이고 도전적이며, 필요한 일을 정의하여 주도적으로 일하는 사람 (가장 중요한 필수요건)
• 전 세계 에이클로젯 유저들에게 그들의 옷장 데이터, 최신 AI 모델/LLM을 활용하여 새로운 가치를 제공하고 싶은 분
• 큰 기업과 스타트업의 차이를 알고 있고, 스타트업 마인드를 보유하고 있는 분
• AI 에 대한 기본 개념을 잘 이해하고 있고, 관련 프로젝트를 다수 수행해본 분
• ""연구""적으로 의미가 깊은 것 보다는, 실제 서비스에 필요하고 사용자들의 편의성을 높이는 기술 개발에 대한 높은 관심 (연구 목적의 업무는 조금도 하지 않습니다)
• Notion/Slack을 통한 커뮤니케이션, Github를 통한 버전관리에 익숙하신 분","•이전에 도전적인 성과를 주도적으로 이뤄나간 경험을 보유한 분
•스스로 업무 계획을 세분화하고 추진하는 역량을 보유한 분
•새로운 것을 빠르게 배울 수 있고, 실제로 빠르게 배워서 성과를 낸 경험이 있는 분
•MLflow, WandB, Neptune 관련 기술 및 경험이 있으신 분
•데이터의 통계적 분석과 모델 분석을 통한 insight가 있으신 분

현재 사용하는 기술/환경
• Pytorch, Python, Github, MLFlow, Opencv, AWS, GCP, Docker
• Notion, Slack, Jira","['Github', 'Pytorch', 'Python', 'AWS', 'Docker']",https://www.wanted.co.kr/wd/170201
머신러닝 엔지니어,서울 강남구,"• 광범위한 의료 데이터를 기반으로 대규모 ML 모델을 설계, 학습, 튜닝 및 배포합니다.
• 최신 MLOps 프레임워크와 도구를 활용하여 production 환경에서의 모델 성능을 모니터링하고 개선합니다.
• 데이터 사이언티스트 및 의료 전문가와 협력하여 모델의 정확성과 효율성을 최적화하고 제품의 가치를 극대화합니다.
• 데이터 엔지니어와 긴밀히 협력하여 체계적이고 자동화된 ML 학습, 검증, 및 배포 프로세스를 구축합니다.","• Python 및 ML Framework (Tensorflow, PyTorch, Lightning, etc.) 숙련도
• ML Lifecycle 및 MLOps에 대한 이해
• 뛰어난 문제 해결 능력 및 협업 능력","• AWS, Azure, GCP 등 클라우드 플랫폼 경험
• ML 소프트웨어 제품화 경험
• MLOps 도구 및 프로세스에 대한 경험
• 버전 관리와 협업을 위한 Git/Github 경험
• 소프트웨어 컨테이너화 및 오케스트레이션을 위한 Docker/Docker Compose 경험
• 의료/헬스케어 데이터 관련 경험
• AI 관련 분야 논문 출판 기록 또는 학술적 성과",[],https://www.wanted.co.kr/wd/245705
딥러닝/머신러닝 분야 연구원 (인공지능 개발자),서울 강남구,"ㆍ영상 기반 AI / ML 기법 개발
- WSI-classification
- Segmentation
- Detection
- Classification
• Deeplearning 학습
• 최신 기술 follow-up
• Algorithm 개발","ㆍ컴퓨터공학 전공 혹은 그에 준하는 전공 및 지식을 보유하신 분
ㆍimage processing & Computer vision 기초지식 보유하신 분
ㆍ개발 협업툴 (Github, Jira 등)의 경험이 있으신 분
ㆍComputer vision 관련 / AI 관련 프로젝트 수행 경험 ( 연구 설계 / 구현 / 검증 수행 경험 )","ㆍComputer vision 관련 AI 분야의 석사 혹은 박사
ㆍ논문
- 국제 논문 / Top tier AI conference ( CVPR, ICCV, AAAI 등 ) 출판 및 발표 경험
- 1 저자 / 발표 경험 우대
ㆍ최신 Open-Source 활용 능력
ㆍWhole slide image processing 경험
- 병리 image 기반 segmentation & detection & classification 경험 우대","['Git', 'Github', 'Linux', 'Pytorch', 'C / C++', 'Python', 'Docker', 'Ubuntu', 'OpenCV']",https://www.wanted.co.kr/wd/255043
CAD Engineer - 전문연구요원 가능,서울 강남구,"• 수학적/기하학적 알고리즘 설계 및 구현
• 3D 모델링 및 시뮬레이션 알고리즘 개발
• 성능 최적화를 위한 효율적인 알고리즘 설계
• 다양한 CAD 시스템 요구 사항에 맞춰 모듈 및 기능 개발
• Dentbird Solutions 제품화 및 성능 개선, 최적화, 보안 강화 및 유지보수
• 요구 사항에 따른 기능 설계 및 구현
다양한 솔루션 모듈 개발 및 통합 작업 수행

[커리어비전]
• Web기반 3차원 렌더링 기술을 도입한 소프트웨어를 개발할 수 있게 됩니다.
• 인공지능 기능을 비롯하여 다양한 라이브러리를 개발 및 활용할 수 있게 됩니다.
• CAD 알고리즘을 로컬환경 뿐만아니라 웹환경에서의 개발도 가능하게 됩니다.
• Mesh 구조, 알고리즘을 설계 구현 가능하게 됩니다.","• 주도적으로 문제를 해결하는 능력이 뛰어나신 분
• 자유롭게 토론하고 의견을 제시하며, 일이 되도록 결과를 만들어 내는 분
• 프로그래밍이 능숙하신 분
• 컴퓨터공학 또는 관련학과 석사 학위 이상 소지하신 분

* 필수제출서류/자유양식
1. 상세 경력이 포함된 이력서
2. 자기소개서 (대학 이전은 기술하지 말 것)
3. 개발 포트폴리오","• 개발 환경, 프로그래밍 언어에 제한 없이 다양한 환경 및 언어를 편하게 하실 수 있는 분
• 3D CAD 또는 그래픽스 관련 S/W 제품 개발 경험
• 딥러닝 활용 S/W 개발 경험
• 의료 데이터 처리 경험","['OpenGL', 'TypeScript', 'Scripting', 'C++']",https://www.wanted.co.kr/wd/226137
AI엔지니어,경기 성남시,"[주요 업무]
• 문서 인식 분야 AI 모델 개발
• 최신 AI 기술 및 연구 동향 파악 및 도입
• 데이터 분석 및 모델 검증을 통한 성능 향상 및 최적화
• 컨테이너 관리 도구(Docker, Podman, Kubernetes 등)를 활용해 모델 학습 및 추론","[자격 요건]
• 컴퓨터공학 또는 관련 분야 학사 이상 학위를 보유하신 분
• TensorFlow, PyTorch 등 주요 Deep Learning 프레임워크 사용 경험이 있는 분
• 데이터 분석 및 시각화 도구(Python, R 등) 사용 경험이 있는 분
• 객체 탐지, 문서 인식, 자연어 처리 등 관련 프로젝트 수행 경험이 있는 분
• 최신 논문에 대한 이해, 구현 및 테스트 가능하신 분
• 다양한 데이터 소스를 다루고 이를 통합하여 분석할 수 있는 분
• 형상관리 툴 활용 능력이 있는 분
• 협업 및 원활한 의사소통 능력이 있는 분","[우대사항]
• 컴퓨터공학 또는 관련 분야 석/박사 학위 또는 이에 준하는 경력을 보유하신 분
• AI 관련 주요 학회 및 저널에 게재된 논문에 주요 저자로 참여한 경험이 있는 분
• AI를 활용하여 제품 개발 및 서비스 상용화 경험이 있는 분
• AI 관련 Competition에서 실적이 있는 분

[기술 스택]
Python
FastAPI
PyTorch
MMdetection
PostgreSQL
Linux
Docker
Anaconda
Git","['Git', 'Linux', 'Pytorch', 'Python', 'Docker', 'PostgreSQL', 'FastAPI']",https://www.wanted.co.kr/wd/254963
AI 최적화 Researcher,서울 강남구,"• 에너자이의 추론 엔진 Optimium은 크게 ""Graph Level"", ""Kernel level"", ""Runtime level"" 로 구분됩니다.
• 해당 직군은 ""Graph Level""에서의 연구 개발을 맡아 수행하실 분을 찾고 있습니다. ""Graph Level""에서의 연구 개발은 아래 내용을 포함합니다.

• AI 추론 엔진 딥러닝 모델 최적화 알고리즘 개발
- 사내 자체 개발한 언어를 활용해 convolution, GEMM 등의 연산을 메모리 캐싱, vectorization 등을 고려해서 최적화되도록 구현
- Quantization operation을 포함한 Operation fusion 알고리즘 알고리즘 개발
- Reinforcement Learning, Dynamic programming 등을 활용하여 Optimium에서의 각종 최적화 문제를 풀고 연구 개발
- Multi-device allocation 문제
- Automatic mixed precision 알고리즘 개발
- Time complexity와 Performance를 고려한 Auto Tuning 알고리즘 개발
- LLM 최적화
- SLM 추론 최적화 연구
- AI 추론 엔진 소프트웨어 개발
- Kubernetes를 이용한 Multi-device 자원 관리
- Auto-Tuning 가속화를 위한 Database 구축","• 학부 4학년 이상
• 해외 여행에 결격 사유가 없으신 분
• Python 프로젝트 개발 경험이 있으신 분
• 딥러닝 프레임워크 (Pytorch, Tensorflow 등) 사용 경험이 있으신 분
• 병역특례 지원 가능
- 산업기능요원, 전문연구요원 지원 가능하며, 이력서에 별도 표기하여 제출 부탁드립니다. (Ex: 산업기능요원 보충역 편입, 전문연구요원 현역 전직 등)
- (Ex: 산업기능요원 현역, 전문연구요원 편입 등)","• vTune 등의 profiler를 이용하여 소프트웨어 최적화를 해보신 분
• 컴퓨터 아키텍쳐 관련 지식이 풍부하신 분
• 딥러닝 모델 경량화 및 추론 가속화 기법에 관한 경험이 있으신 분
• 관련 학회 및 저널 게재 경력자
• 관련 전공 석사, 박사 학위 보유 시 경력 인정","['Pytorch', 'Python', 'C', '개발', 'C++', 'CCTV', '인공 지능']",https://www.wanted.co.kr/wd/219652
(전문연구요원 가능) ML Engineer/Researcher,서울 강남구,"• Computer Vision 알고리즘 개발
-다양한 형태의 데이터 처리 (Radar, Smartphone Image, CCTV Image, Industrial Image 등)
- Vision 관련 task 수행 (super resolution, detection, inpainting, low lighting 등)
• 딥러닝 모델 경량화 알고리즘 개발
- 주어진 Task 와 Constraint를 고려한 딥러닝 모델 설계 및 경량화 알고리즘
개발 (Quantization, NAS 등)
- Edge Device 탑재될 경량화된 모델 개발","[공통]
• 학부 4학년 이상
• Python 을 활용한 프로젝트 수행 경험이 있으신 분
• 딥러닝 프레임워크 (Pytorch, Keras, Tensorflow 등) 을 활용한 프로젝트 수행 경험이 있으신 분","• 이미지 or 신호 처리, 딥러닝 모델 최적화 (network compression, NAS) 경험
• Image enhancement 계열 (super resolution, inpainting, low light imaging 등)의 task 경험
• 관련 학회 및 저널 게재 경력자
• 관련 전공 석사, 박사 학위 보유 시 경력 인정
• 병역특례 지원 가능
- 산업기능요원, 전문연구요원 지원 가능하며, 이력서에 별도 표기하여 제출 부탁드립니다.
- (Ex: 산업기능요원 현역, 전문연구요원 편입 등)","['Pytorch', 'Python', 'C', '개발', 'C++', 'CCTV', '인공 지능']",https://www.wanted.co.kr/wd/110126
(전문연구요원 가능) AI 컴파일러 엔지니어,서울 강남구,"[공통]
AI compiler 개발
• Virtual Machine 개발
• 사내 자체 언어 개발
- Parser, Lexer 개발
- Type inference algorithm 구현
• Intel AMX 지원을 위한 intrinsic 구현
• 이 외 성능 최적화를 위한 각종 compiler technique 구현 및 연구
• MLIR 사용
• Optimizing ML/vision algorithm on DSP/NPU/AP
- Preprocessing procedure, deep learning kernel 및 각종 Vision 알고리즘을 DSP/NPU/AP 등에 최적화하여 지연 시간 및 사용 메모리를 최소화","• 학부 4학년 이상
• 해외 여행에 결격 사유가 없으신 분
• C/C++을 활용한 프로젝트 개발 경험이 있으신 분
• (컴파일러 엔지니어) 함수형 언어 (Scala, Haskell, F# 등) 사용 경험이 있으신 분
• (컴파일러 엔지니어) 딥러닝 프레임워크 (Pytorch, tensorflow 등) 사용 경험이 있으신 분
• 병역특례 지원 가능
- 산업기능요원, 전문연구요원 지원 가능하며, 이력서에 별도 표기하여 제출 부탁드립니다.
- (Ex: 산업기능요원 현역, 전문연구요원 편입 등)","• 딥러닝 개념을 알고 동작 커널 개념을 알고 구현해보신 분
• 딥러닝 프레임워크에서 operation 에 대한 지식을 갖추신 분
• 컴파일러 최적화에 관한 지식이 있으신 분
• 컴퓨터 아키텍쳐 관련 지식이 풍부하신 분
• Compiler 혹은 Interpreter 를 제작/연구해보신 경험이 있으신 분
• 병렬 프로그래밍 경험이 있으신 분
• 딥러닝 커널 최적화 관련 경험이 있으신 분
• 딥러닝 모델 경량화 기법에 관한 지식이 있으신 분
• 관련 학회 및 저널 게재 경력자
• 관련 전공 석사, 박사 학위 보유 시 경력 인정","['Pytorch', 'Python', 'C', '개발', 'C++', 'CCTV', '인공 지능']",https://www.wanted.co.kr/wd/110132
AI engineer (prompt engineer),서울 관악구,"사업체를 위해 고객 상담 맞춤 AI를 자동 생성해주는 B2B SaaS를 개발합니다.
https://docenty.ai 를 2023년 12월 출시했습니다.
국내 최고 수준 성장 속도
•

모든 직군 채용합니다.
Frontend engineer
Product owner
Marketing, Sales
Designer
Backend engineer
...","Preferences
급속 성장하는 startup 초기 멤버로 참여할 기회를 갈망하시는 분
급속 성장하고자 하는 의지가 크고, 꾸준한 열정으로 성장하실 분
docenty 제품, 사업에 꾸준히 관심과 열정을 가지실 분. LLM, chatbot, SaaS
해외 시장에서 global tech 기업들과 경쟁하는 것을 즐기실 분


일반적인 전형 과정
1. 서류 심사
2. casual video call (회사, 제품, 전형 설명)
3. on-site interview
a. (전공 과목 또는 연구 주제 있는) in-depth 기술 주제 하나 정해서 문답 토론
b. tech position 실무 면접의 경우, live coding, system architecture design (google 등 미국 big-tech interview와 일부 유사)","• 스스로의 힘으로 높은 수준의 허들을 넘어 온 사람, 남들이 정해 놓은 선을 넘어 결과를 만들어 온 사람 (*)
• 특별한 우수성 입증 실적
• 특별히 노력해서 특별한 성과를 달성했던 자랑스러운 이력
• 세상을 혁신, 변화 시킨 경험 또는 습관

오해 없도록 주의
• 자기한테 편한 환경이 갖춰져야만 생산성이 올라간다고 생각하시는 분께 편한 환경을 제공해 드릴 수 없습니다. 아무 조건, 환경에서도 직접 헤쳐나가 실 수 있는 분께 최적 맞춤 환경을 제공하기 위해 최선의 노력을 합니다. (예: 일본 비자 발급 추진 중)
• 성과는 고객 만족, 영업에 도움된 성과만 인정합니다. 실무자 자기 만족한 일의 결과는 아무리 많아도 성과에 포함되지 않습니다.
• 살면서 동료들, 남들, 환경 때문에 자기 성과가 안 나왔다고 오해한다면, 초기 스타트업이랑 안 맞을 가능성이 큽니다. 최종 결과가 고객에 도달하기까지 추진력 있게 문제를 직접 해결 할 분만 채용합니다. 동료들도 적극적으로 돕고, 능력 발휘합니다.
• 처우 수준이 높아져야만 일을 잘 할 수 있다고 생각하시는 분들께 좋은 연봉을 드릴 수 없습니다. 최고의 성과를 내고 potential이 크고, 회사를 성장시킬 분들께 회사가 제공 가능한 모든 것을 최대한 제공합니다. (**)


아이디어 출처
* ""스스로의 힘으로 높은 수준의 허들을 넘어 온 사람, 남들이 정해 놓은 선을 넘어 결과를 만들어 온 사람"" - https://ko.antler.co/ 2024년 데모데이 행사
** ""용병 아닌 선교사를 채용하라"" - https://vimeo.com/731186065 , Jeff Bezos at Amazon","['Github', 'MongoDB', 'Python', 'GCP', 'React.js']",https://www.wanted.co.kr/wd/218810
LLM Researcher,서울 강남구,"• LLM post training을 위한 데이터 수집 및 정제
• LLM Post train 방법론 연구 및 개발
• LLM serving 환경 구축 및 실험
• Generative AI 신규 기술 Research","• Python 등 프로그래밍 언어 경험
• Tensorflow, PyTorch 등 Machine Learning Framework 활용 경험
• LLM Post-training 및 관련 python 라이브러리 사용 경험 (transformers, peft, accelerate 등)
• 다양한 협업 환경에서 일할 수 있는 능력
• 훌륭한 의사 소통 능력","• 관련 분야(수학, 통계, 컴퓨터 공학 등) 석사 이상 전공자
• LLM Post-training을 위한 데이터 수집, 정제, 및 데이터 구축 경험
• Docker 수행 능력
• CVPR, ICCV, ECCV, NeurIPS, AAAI, IEEE, EMNLP 등 저널/학회 논문 저자 또는 참여","['Git', 'Linux', 'Pytorch', 'Tensorflow', 'Python', 'Docker']",https://www.wanted.co.kr/wd/253458
Document AI Researcher,서울 강남구,"• 비구조 데이터 문서 처리 솔루션 내 신규 모델 개발
• OCR 및 CV, NLP 등 기 개발 모델 유지 보수 및 고도화
• Document AI 관련 신규 기술 research","• Python 등 프로그래밍 언어 경험
• Tensorflow, PyTorch 등 Machine Learning Framework 활용 경험
• CV, NLP 등 Document AI 관련 모델 개발 경험
• 다양한 협업 환경에서 일할 수 있는 능력
• 훌륭한 의사 소통 능력","• 관련 분야(수학, 통계, 컴퓨터 공학 등) 석사 이상 전공자
• Document AI를 위한 데이터 수집, 정제, 및 데이터 구축 경험
• CVPR, ICCV, ECCV, NeurIPS, AAAI, IEEE, EMNLP 등 저널/학회 논문 저자 또는 참여","['Git', 'Linux', 'Pytorch', 'Tensorflow', 'Python', 'Docker', 'OpenCV']",https://www.wanted.co.kr/wd/253469
Generative AI 및 인공지능 유지 관리 연구,서울 강남구,"1. 물류 및 공장자동화 각 사이트에서 필요한 학습 데이터 생성 기법 연구 개발
2. 배포된 AI 모델 성능 유지를 위한 평가 및 추가 학습 등을 위한 데이터 생성 기법 연구 개발
3. 모델 학습 배포 유지관리 lifecycle 연구개발( AIops , Active learning, lifelong learning, etc ) 협업
4. 그 외, Stable Diffusion과 같은 생성형 모델을 목적에 맞게 연구 개발 및 서비스","• 경력 : 무관
• Machine Learning, Deep Learning, 생성모델(diffusion, GAN, VAE 등)에 대한 기본적인 지식을 보유하신 분
• Diffusion, StyleGAN 등 생성형 모델을 다루어본 경험이 있는 분
• 다양한 이미지 데이터를 다루어본 경험이 있는 분
• Python , Tensorflow, Keras, PyTorch, Huggingface
• 오픈소스의 코드 레벨 디버깅 및 커스터마이징 경험이 있는 분","• AI framework/Platform을 통한 실제 서비스 개발/실무 경험이 있는 분
• Git을 활용한 코드 협업 경험이 있으신 분
• 팀원 및 타 분야의 실무자와 원활한 커뮤니케이션 및 의사결정이 가능하신 분
• Object detection, Segmentation 등 인지모델에 대한 관련 지식 혹은 업무 경험이 있는 분","['Git', 'Linux', 'Python']",https://www.wanted.co.kr/wd/253434
"2D/3D Detection, Vision Inspection Engineer",서울 강남구,"1. 객체 검출을 위한 2D/3D Detection
2. 비전 검사를 위한 학습 기반의 불량 검출 기법 또는 Anomaly Detection","• 경력: 경력 무관
• Python/C++을 사용한 컴퓨터 비전 알고리즘 개발 경험자
• Pytorch와 같은 프레임워크를 사용한 다양한 2D/3D Detection 모델 학습 및 개발 경험자","• Point Cloud 데이터를 사용하는 인공지능 모델 개발 및 알고리즘 개발 경험자
• 3D Depth 센서 사용 경험 및 이를 활용한 개발 경험자
• 멀티 카메라 또는 멀티 센서 캘리브레이션 개발 경험자
• 비전 검사를 위한 알고리즘 개발 및 장비 운영 경험자","['Python', 'C++']",https://www.wanted.co.kr/wd/253422
AI Engineer,서울 강남구,"• Stable Diffusion 모델 기반의 이미지 생성형 AI 시스템 개발 및 최적화
• B2B 엔터프라이즈를 대상으로 한 모델 파인튜닝, 커스터마이징
• AI 모델의 성능 분석 및 개선
• 최신 AI 기술 연구 및 빠른 적용","[Education]
• 학사 이상 (컴퓨터 공학, 전산학, AI 관련 분야 우대)

[Experiences]
• 이미지 생성형 AI 및 Stable Diffusion 모델 활용 경험
• Python 및 딥러닝 프레임워크(TensorFlow, PyTorch) 사용 능력
• AI 모델 파인튜닝 및 최적화 경험
• 최신 AI 기술 트렌드를 빠르게 학습하고 적용할 수 있는 역량

[Skill/ Knowledge]
• 최신 기술을 빠르게 습득하고 적용하는 능력
• AI 모델 개발 및 성능 최적화 역량
• LLM을 활용한 다양한 프로젝트 경험
• 문제 해결 능력과 원활한 커뮤니케이션 능력","• 3D Gen-AI 관련 경험
• LLM(대규모 언어 모델) 활용 경험
• 연구 결과를 효과적으로 문서화하고 공유할 수 있는 능력
• 창의적인 접근을 통해 문제를 해결할 수 있는 분","['Git', 'Python', 'AWS']",https://www.wanted.co.kr/wd/249770
머신러닝 엔지니어,서울 용산구,"• 실제 유저들의 행동 모델과 제품 분석을 위한 머신러닝, 데이터 마이닝 알고리즘 개발
• 유저 이벤트 시계열 데이터, 정제되지 않은 텍스트 데이터, 서로 상이한 데이터 셋을 활용한 패턴 분석 알고리즘 개발
• AWS 클라우드의 분산 처리 시스템을 활용한 자동화 시스템 개발
• 다양한 엔지니어링 팀과의 협업을 통한 서비스 개발","• AI / 머신러닝 관련 논문을 검색 및 이해하고 코드에 적용 가능하신 분
• 수학 / 통계 / 논리적 사고에 익숙하신 분
• 능숙한 Python language 활용 능력
• tensorflow / pytorch 중 한가지 이상을 능숙하게 활용 가능","• 수학, 통계, 엔지니어링 전공 MS or PH.D
• 머신러닝을 인공지능, 데이터 마이닝을 활용해 실제 비즈니스 문제를 해결해 본 경험
• AWS 활용 능력
• Spark, Hadoop 활용한 분산처리 시스템 구축 경험",[],https://www.wanted.co.kr/wd/244779
AI 엔지니어 (NLP),인천 미추홀구,"• 에세이 자동 채점 모델 성능 고도화 및 서비스화
• 최신 AI 모델 및 논문 분석과 구현
• GPU를 활용한 LLM 학습 및 Troubleshooting
• 모델 최적화 및 지표 분석","• 모델 학습을 위한 학습 파이프라인 구축 경험
• LLM모델에 대한 이해 및 관련 문제 해결 경험
• Python 패키지 및 PyTorch 딥러닝 프레임워크에 대한 깊은 이해와 활용 능력
• 최신 GitHub 오픈 소스 코드 활용 경험
• 동료와의 원활한 협업 능력 및 커뮤니케이션 스킬
• 해외여행 결격사유 없는자","• Automated Essay Scoring 모델 설계 및 성능 평가 경험
• LLM(대규모 언어 모델)의 학습 및 튜닝 경험 (Pre-training, Fine-tuning, RLHF)
• 최신 공개 모델 및 논문 분석 능력 및 구현 경험
• 연구과제 및 프로젝트 수행 경험
• 자연어 처리 또는 머신러닝 관련 연구 경험 및 논문 발표 경험
• 대규모 언어 모델 개발 및 운영 경험
• Pre-training, Fine-tuning, RLHF를 포함한 LLM 학습 알고리즘 개발
• 분산처리를 통한 대규모 언어모델 학습 경험","['Git', 'Github', 'Linux', 'MySQL', 'Python', 'SQL', 'NLP', 'AWS', 'Docker', 'ML']",https://www.wanted.co.kr/wd/250399
코덱SW엔지니어 (알고리즘개발/신입),서울 강남구,"[이런분과 함께하고 싶어요]
• 영상처리, 동영상 압축 등 멀티미디어 처리 기술개발","[이런분이라면 더욱 환영해요]
• 전자, 컴퓨터공학 학사 이상
• C/C++ 능숙
• 비디오 압축 혹은 영상 처리에 관심이 있으신 분","[더 몰입하실 수 있도록 도와드려요]
• 비디오 압축 혹은 영상 처리 관련 연구 수행 및 프로젝트 경험자
• 리눅스 환경에서 개발 가능","['Linux', 'Java', 'Python', 'C', 'C++']",https://www.wanted.co.kr/wd/174088
코덱SW엔지니어 (화질분석/신입),서울 강남구,"[다음 업무를 통해 목표를 달성하고 성장합니다]
• 영상처리, 동영상 압축 알고리즘 및 성능 분석","[이런분과 함께하고 싶어요]
• 전자, 컴퓨터공학 학사 이상
• C, Python 프로그래밍 능력
• 비디오 압축 혹은 영상 처리에 관심이 있으신 분

자격 요건 중에 한 두가지 부족하지만, 노력으로 충분히 캐치업할 수 있는 자신이 있다면 망설이지 말고 지원해주세요!","[이런분이라면 더욱 환영해요]
• 비디오 압축 혹은 영상 처리 관련 연구 수행 및 프로젝트 경험자
• 리눅스 환경에서 개발 가능","['Linux', 'Java', 'Python', 'C', 'C++']",https://www.wanted.co.kr/wd/174091
[AI반도체] Deep Learning Optimization Engineer,서울 강남구,"- Quantization, Pruning 등 딥러닝 모델 경량화 연구 및 적용
- HW 최적화를 고려한 딥러닝 모델 아키텍쳐 설계 및 학습
- 딥러닝 최신 연구 동향 분석","- 딥러닝 프레임워크(PyTorch, TensorFlow 등) 활용 능력
- 프로그래밍 언어(Python, C/C++ 등) 활용 능력
- 수리적, 논리적 분석을 통한 문제 해결 능력","- 경량화 및 딥러닝 모델, 학습 개발 경험 및 논문 실적이 있으신 분
- 수학적 사고와 통계, 최적화 등 각종 수학 이론에 대한 이해가 높으신 분
- NPU 또는 GPU에 대한 이해도가 높으신 분","['Git', 'Pytorch', 'Tensorflow', 'Perl', 'Python', '딥 러닝', 'C', 'C++', '운영체제', '펌웨어', 'FPGA', 'SoC', '컴퓨터 비전', 'Verilog', 'TCL', 'STP', 'Xilinx', 'RTL 설계', 'RTL 코딩']",https://www.wanted.co.kr/wd/147525
[AI반도체] NPU Compiler Engineer (전문연구요원 가능),서울 강남구,"- 딥러닝 네트워크 모델을 모빌린트 NPU에서 수행할 수 있는 언어로 변환하는 Backend Compiler 개발
- 학습된 딥러닝 모델을 최적화를 통해 모빌린트 NPU 상에서 추론 속도를 향상시켜 딥러닝 서비스 개선에 도움을 주는 모델 최적화 엔진 개발
- 딥러닝 네트워크 모델 연산 최적화를 위한 Simulator 등 검증용 프로그램 개발","- Math, CS, EE 학위 소유자, 또는 이와 비슷한 경력을 가지신 분
- 프로그래밍 언어(Python, C/C++ 등) 활용이 능숙하신 분
- 자기 동기부여 및 배우고자 하는 의지가 강하신 분
- 팀원 간의 소통 및 협업이 매끄럽고 능숙하신 분
- 최종 성적증명서 제출 필수 (석,박사의 경우 학부 성적표도 첨부)","- 딥러닝 컴파일러(TVM, XLA 등)와 관련된 연구 경험을 가지신 분
- 2년 이상의 딥러닝 분야 연구 경력을 가지신 분, 또는 관련 분야 논문 실적이 있으신 분
- 임베디드 시스템 환경에서의 딥러닝 알고리즘 개발 경험을 가지신 분
- 딥러닝 컴파일러와 관련된 연구 및 개발 경험을 가지신 분
- 프로그래밍 언어(Python, C/C++ 등) 활용이 능숙하신 분","['Git', 'Pytorch', 'Tensorflow', 'Perl', 'Python', '딥 러닝', 'C', 'C++', '운영체제', '펌웨어', 'FPGA', 'SoC', '컴퓨터 비전', 'Verilog', 'TCL', 'STP', 'Xilinx', 'RTL 설계', 'RTL 코딩']",https://www.wanted.co.kr/wd/117659
AI 엔지니어,서울 강남구,"• 새로운 머신러닝 및 딥러닝 알고리즘을 연구 및 개발합니다.
• Open Source 기반의 SOTA 모델을 플랫폼에 적용하고 성능을 높입니다.
• 자체 플랫폼 데이터를 기반으로 knowledge tracing, code generation, copy detection 등의 알고리즘을 개발 및 플랫폼에 적용합니다.
• LLM 및 SLM 기반의 특정한 지식이나 태스크에 최적화된 dialogue systems를 개발합니다.
• AI와 사람 간의 자연스러운 통합을 위한 HCI 연구를 수행합니다.
• MLOps 및 AutoML을 활용하여 production 환경에서 AI 모델의 성능 최적화 및 서비스에 효과적으로 통합하는 작업을 수행합니다.","• AI 및 머신러닝 분야에서의 학사 이상 학위 또는 이에 준하는 경험
• 전문 지식 및 실무를 토대로 한 머신러닝 및 딥러닝 알고리즘 개발 능력
• 데이터 분석 및 처리에 대한 전문 지식
• NLP, 컴퓨터 비전, 음성 인식 등의 다양한 AI 기술에 대한 경험
• 대규모 언어모델 및 대화 시스템, 코드 데이터셋에 대한 경험
• 해외 논문 독해 및 비즈니스 레벨 영어 회화 능력","• AI 분야 논문 출판 경험
• 엘리스가 보유한 AI 챗봇과 같은 프로젝트 경험
• LLM의 개발 경험
• TTS, STT, 지식 트레이닝, Safe AI, 음성 인식/평가 등 다양한 AI 연구 또는 개발 경험
• 교육 분야에 대한 열정과 관심을 가진 분","['Python', 'NLP']",https://www.wanted.co.kr/wd/198065
AI개발 엔지니어,서울 성동구,"• AI 모델 개발 및 연구 (딥러닝, 머신러닝, 자연어 처리 등)
• 데이터 분석 및 처리, 모델 학습을 위한 데이터 파이프라인 구축
• AI 솔루션 최적화 및 배포
• AI 관련 신기술 탐구 및 적용
• 협업을 통한 혁신적 AI 서비스 개발","• 인공지능 또는 관련 분야 학사 학위 이상
• 머신러닝, 딥러닝 프레임워크(TensorFlow, PyTorch 등) 사용 경험
• Python, C++ 등 프로그래밍 언어 능숙자
• 대규모 데이터셋을 다룰 수 있는 데이터 분석 및 처리 능력
• 문제 해결을 위한 창의적 사고와 적극적인 태도
• 팀과 협력하며 프로젝트를 성공적으로 이끌어갈 수 있는 커뮤니케이션 능력","• 공학계열 (로봇공학, 전기/전자공학, 컴퓨터/시스템 공학)
• 관련계열 석,박사 학위 및 자격증 보유자
• 로봇 관련 프로젝트 유경험자(과제, 졸업 작품 포함)
• 창의적이고, 협업을 즐기며 함께 발전하기를 원하시는 분",[],https://www.wanted.co.kr/wd/245139
Robot Vision 개발자 (병역특례 가능),서울 송파구,"• 3차원 공간데이터 수집기 개발 (LiDAR/Radar/Camera)
• 딥러닝 기반 3차원 데이터 모델링 (3D Object Detection/Semantic Segmentation/Depth Completion/Depth Estimation/SLAM etc.)
• 실 산업현장에서의 인공지능 기반 자동화 솔루션 개발","• Python, C/C++ 언어 중 1개 이상에 능숙한 자
• Pytorch/Tensorflow/Caffe 중 2개 이상의 프레임워크에 능숙한 자
• ROS/Matlab 중 1개 이상 사용이 가능한 자
• 의미론적 객체 분할 / 이상행동탐지 등 과 같은 딥러닝 프로젝트에 참여해 본 자
• 3차원 공간데이터 랜더링 / 모델 개발이 가능한 자
• 관련 석사학위를 보유한 자 혹은 2년 이상의 실무경험","• 선형대수/통계학에 대한 기본 지식이 있는 자
• LiDAR / IR Camera 등의 센서를 다루어 본 자
• 컴퓨터비전/딥러닝/SLAM 등 관련 연구(논문)을 이해하고 구현이 가능한 자
• Top-tier 학회 논문 혹은 관련 박사 학위를 보유한 자
• ROS 시스템을 사용하여 멀티센서 수집 시스템을 구축해 본 경험이 있는 자
• 유창한 영어 회화 역량을 보유한 자
• Frontend/Backend 등 관련된 기술이 있는 자",[],https://www.wanted.co.kr/wd/245573
Localization Engineer (Junior),서울 영등포구,"- 자율주행 차량을 위한 측위 (localization) 및 지도제작 (mapping) 알고리즘 개발
- 측위와 지도제작 알고리즘 개발 이전에 필요한 calibration과 같은 센서 시스템 관련 개발
- DevOps, Perception, Planning 등 다른 분야의 엔지니어들과의 협업","**아래의 모든 자격요건들을 갖추신 분**

- 컴퓨터 공학, 전기전자 공학 등 관련 학과 4년제 대학을 졸업한 분
- SLAM, Localization, Mapping 관련 지식을 보유하고 프로젝트를 경험한 분
- C++ 프로그래밍 경험이 있는 분","**다음 중 하나 이상을 만족하시는 분**

- SLAM 관련 상용 제품 개발 경험 혹은 오픈소스에 핵심 기여 경험이 있는 분
- 자율주행 시스템 전반에 대해서 이해도가 높은 분
- X86 아키텍처 외의 환경에서의 개발 경험이 있는 분
- Docker 컨테이너에 대한 지식 및 사용 경험이 있는 분
- ROS, ROS2 사용 경험이 있는 분
- CUDA 프로그래밍 등 최적화 지식이나 경험이 있는 분
- LiDAR, Camera, IMU 등 다양한 센서를 사용한 경험이 있는 분
- 알려지지 않은 문제를 찾아서 해결하는 과정 전체를 주도적으로 이끌 수 있는 분",[],https://www.wanted.co.kr/wd/239419
AI Engineer,서울 중구,"• 주어진 비즈니스 문제를 가장 효과적으로 해결할 수 있는 AI 기술을 탐색합니다.
• 최신 ML/DL 기술을 follow-up 하고 우리 팀의 문제해결에 도움을 줄 수 있는지 검토합니다.
• 개발한 ML/DL 모델을 학습하고 정확하게 평가합니다.
• Data Engineer, SW Engineer와 협업하여 모델을 배포하고 평가합니다.","• PyTorch를 활용한 딥러닝 모델 구현 경험이 있고, 최신 딥러닝 논문을 빠르게 이해하고 정확히 구현할 수 있는 분
• AI 관련 분야 전반, 머신러닝, 딥러닝 이론에 대한 전반적인 이해가 있는 분","• 국제학술지,학술대회에 1저자로 논문 게재 경험이 있는 분",[],https://www.wanted.co.kr/wd/241585
병역특례 전문연구요원 (석사 이상),서울 동작구,"• 오픈 소스 AI 모델을 활용한 고객 가치 창출
• AI 배포 및 모니터링 (Docker, Kubernetes 등 활용)
• 협동지능 (AI Agent Collaborative Intelligence) 활용","• Python을 이용한 개발이 능숙하신 분
• Tensorflow / Pytorch 등 딥러닝 프레임워크에 익숙하신 분
• 오픈소스 AI 모델들을 활용해서 서비스를 제작해 본 경험이 있으신 분
• Docker를 이용한 Container 기술에 익숙하신 분
• 2년 이상의 Machine Learning을 활용한 서비스 개발 경험 또는 관련 석사 학위 이상이 있으신 분
• 새로운 연구 혹은 개발 방향성을 제시할 수 있는 능력을 갖추신 분","• 대규모 상용 ML(ex. CV, OCR, NLP, RecSys 등) 제품 개발 경험이 있으신 분
• 대규모 요청에 대한 아키텍처 설계 및 성능 튜닝 경험을 보유하신 분
• 대형 모델을 배포 및 유지 보수 해본 경험이 있으신 분","['Github', 'iOS', 'Python', 'Docker']",https://www.wanted.co.kr/wd/240343
신입 Software Engineer (Data),서울 강남구,"클럼엘의 신입 데이터 소프트웨어 엔지니어는 시니어가 디자인한 모듈의 일부를 구현하게 됩니다. GitHub의 issue로 구현할 작업이 기술되어 있고, 이 issue가 여러분에게 할당됩니다. 시니어나 혹은 동료들과 소통을 통해서 궁금한 사항을 확인하고 나면 코드를 만듭니다. 코드 작성 완료 후 시니어나 동료들이 코드를 리뷰하고 의견을 줍니다. 이 과정을 반복하는 과정에서 해당 모듈 책임자가 적절한 시점에 코드를 승인합니다. 작성된 코드가 원하는 데이터 분석 결과를 내는지 검증 과정이 매우 중요합니다. 회사가 사용하는 데이터를 기본으로 하고, 필요 시 추가 데이터를 확보합니다. 이 과정은 지원 부서의 도움을 받게 됩니다. 데이터를 작성 코드로 분석한 결과가 적절한지 다양한 데이터 분석 기법을 활용하여 판단합니다. 결과에 따라 추가적인 코드 수정 의견을 제시한다면 더욱 좋습니다.


데이터 소프트웨어 엔지니어의 업무 목록입니다.

[머신러닝 알고리즘 구현]
• 클럼엘이 자체 개발한 하기 알고리즘의 고도화
- 패턴 인식 클러스터링
- 계층 클러스터링
- 시계열 클러스터링
- DBSCAN
- OPTICS

• 새로운 알고리즘 구현


[비지도학습 기반 위협 탐지 모델 개발]
• 네트워크 데이터 기반 (NDR)
- 클럼엘이 구현한 알고리즘을 바탕으로 비정상 행위 탐지 모델링

• 단말 데이터 기반 (EDR)
- 단말 데이터를 활용하여 비정상 행위 탐지 모델링

• 네트워크와 단말 데이터 동시 기반 (XDR)
- 네트워크 및 단말 데이터를 동시에 활용하여 비정상이나 위협 탐지 모델링


[준지도학습 기반 위협 탐지 모델 개발]
• 딥러닝 등 지도학습 활용하여 위협 유형별 탐지 모델링

• 지도학습과 비지도학습을 동시 또는 순차적으로 활용하여 위협 유형별 탐지 모델링


[위협 탐지 외의 도메인에서 데이터 분석 모델링]
• 정보유출 모델링

• 네트워크 및 시스템 장애 또는 비정상 예측 모델링



[클럼엘의 채용 절차]
서류심사 - 코딩 테스트 - 1차 인터뷰(직무 적합성) - 2차 인터뷰(조직 적합성) - 합류!

• 서류심사
- 지원서 검토 후 일주일 이내 전화/이메일로 결과 안내 연락을 드립니다.
- 서류합격 이후, 1차 인터뷰 전 사전 인터뷰가 있을 수 있습니다.

• 코딩 테스트(사전 과제)
- 코딩 테스트(사전 과제)가 필요한 경우, 코딩 테스트(사전 과제)를 진행합니다.
- 코딩 테스트는 Google Meet를 통해 라이브로 진행됩니다.
- 사전과제는 직무별로 과제를 메일로 송부드릴 예정입니다.
- 코딩 테스트(사전 과제)를 진행하지 않는 경우에는 1차 인터뷰가 진행됩니다.
- 코딩 테스트 이후 전화/이메일로 결과 안내 연락을 드립니다.

• 1차 인터뷰(직무 적합성)
- 포지션 및 상황에 따라 1대 1 혹은 다대 1 면접이 진행됩니다.
- 인터뷰는 대면 혹은 비대면으로 진행되며, 지원 포지션의 실무진과 진행됩니다.
- 대면으로 진행되는 경우, 대표 인터뷰까지 하루에 같이 진행됩니다.
- 비대면으로 진행되는 경우, Google Meet를 통해 진행되며, 링크가 포함된 초대장을 별도로 송부드릴 예정입니다.
- 인터뷰 이후 이메일로 결과를 안내 드립니다.

• 2차 인터뷰(조직 적합성)
- 포지션 및 상황에 따라 1대 1 혹은 다대 1 면접이 진행됩니다.
- 인터뷰는 사무실 방문을 통해 대면으로 진행되며, 임원 혹은 대표이사와 진행됩니다.
- 다만, 부득이한 경우 Google Meet를 통해 비대면으로 진행됩니다.
- 최종 합격 결과는 인터뷰 이후 전화 혹은 이메일로 안내 드립니다.

[제출서류]
이력서(필수), 자기소개서(선택), 포트폴리오(선택)","• 이공계 학사 졸업 또는 졸업 예정이신 분
• C++, C#, Java, Rust 중 1개 이상 코딩 경험이 있으신 분
• Git 버전 관리 시스템 사용 경험이 있으신 분","• Rust 개발 경험이 있으신 분
• 보안 솔루션 기업 혹은 네트워크 보안 기업 경력을 보유하신 분
• 머신러닝 데이터 분석 경험이 있으신 분
• 클라우드 환경에서 업무 경험이 있으신 분
• 컴퓨터 공학 및 유관학과 학사 이상의 학위를 소지하신 분",[],https://www.wanted.co.kr/wd/239469
"Research Scientist, AI for Neuroimaging(전문연가능)",서울 서초구,"[Snapshot]
Research scientists of the BRAIN (Brain Research & AI for Neuroimaging) team study, as expected, how artificial intelligence can resolve unmet needs in neuroimaging analysis at clinical setting. We are also interested in using our solution to understand the mechanism of neurodegenerative diseases better.

[About us]
• VUNO BRAIN (Brain Research and AI for Neuroimaging) team is a group of enthusiastic, proficient, and warm-hearted AI Researchers. Our mission is to develop AI-supported quantitative MRI workflow to support diagnosis, prognosis, and monitoring of neurological disorders, especially Alzheimer’s disease and related dementia.
• We use our technologies and experience for proactive impatient care. We encourage an open and friendly atmosphere to share one’s research interests and innovative thoughts. Also, you may participate in active collaboration opportunities with fellow researchers in VUNO as well as medical doctors in South Korea / Worldwide.

[About the Role]
Research Scientists at VUNO lead our efforts in developing novel algorithmic architecture towards the end goal of solving unmet needs in various clinical practices.

[Key Responsibilities]
• Develop and validate innovative AI algorithms for the analysis and interpretation of various neurological biomarkers, including brain MRI, PET, and clinical data.
• Conduct explanatory data analysis to create data-centric AI algorithms focused on diagnosing neurodegenerative disorders.
• Collaborate with product management and software engineering teams to build, optimize, deploy, and maintain AI pipelines.
• Present research findings and developments verbally and in writing at top-tier ML conferences, clinical journals, and/or conferences.
• Collaborate with medical doctors and other researchers to translate research achievements into practical applications for the medical field, especially in neurology, neuroradiology, and psychiatry.
• Keep updated with the latest medical imaging research trends and share knowledge with the team.","[About You]
In order to set you up for success as an AI Research Scientist at VUNO BRAIN Team, we look for the following skills and experience.

• MSc. in Computer Science, Biomedical Engineering, Brain and Cognitive Sciences, Bioinformatics or relevant experience.
• Demonstrated ability and potential to design, implement, and apply AI / ML models for the analysis of various neurological biomarkers.
• Proficiency in Python and machine learning frameworks (e.g. PyTorch)
• Business-level proficiency in Korean (both verbal and written)
• Fluency in English (both verbal and written)
• A real passion for medical AI !","In addition, the following skills and experience would be an advantage, but we DO NOT expect that a successful candidate would have all of these:

• 1st author of paper(s) in top-tier Computer Vision ML/DL or Medical Imaging conferences or journals (e.g. CVPR/ICCV/ECCV, NeurIPS/ICLR/ICML, or MedIA/TMI/MICCAI).
• Experience in AI research done with real-world data, including your efforts in data collection, annotation, preprocessing, and management.
• Experience in neuroimaging data (sMRI, fMRI, PET) preprocessing and reconstruction with neuroimaging libraries, such as FreeSurfer, FSL, Nibabel.
• Familiarity with Git, Docker, AimStack, MLflow, or other software development practices and MLOps engineering.
• Experience in biostatistics and involvement in clinical trials.",[],https://www.wanted.co.kr/wd/239104
머신러닝 R&D 엔지니어,서울 관악구,"• 머신러닝 연구개발
• Computer vision applications
• NLP/LLM applications","• Python, Pytorch경험자
• 머신러닝, 딥러닝 관련 연구/개발 경험","• 전문연구요원 지원 우대
• 관련 전공자(석사 이상) 우대
• AI 최적화, 경량화 유경험
• 딥러닝 최적화 (Tensor RT, CUDA, C++ 등)
• AI systems SW 개발 (UI 등)",[],https://www.wanted.co.kr/wd/236695
Deep Learning Engineer,서울 강남구,"- On-device AI를 위한 AI Task 개발
- On-device AI Framework (ZETIC.MLange) 개발
- AI application을 위한 pipeline 구축","- 관련 분야의 학사 학위 이상을 보유하신 분 또는 연구/개발 경험이 있는 학생
- Python 등 능숙한 프로그래밍 스킬
- PyTorch, ONNX 등 ML Framework에 익숙하신 분
- Computer Vision, NLP 등 AI를 이용한 응용분야에 관심이 많으신 분
- On-device AI에 관심이 많으신 분","- C++ 프로그래밍 스킬 보유
- AI Application 개발 경험","['C / C++', 'Python', 'C++']",https://www.wanted.co.kr/wd/234409
[전문연구요원 가능] 인공지능 연구원 (신입),서울 종로구,"• 의료용 내시경 영상 분석을 위한 딥러닝 모델 설계 및 개발
• 전동식 내시경 자율제어를 위한 딥러닝 모델 설계 및 개발","• Deep Learning framework (PyTorch, TensorFlow 2.0+, TensorRT 등) 에 대한 구현 경험
• 최신 Deep Learning 논문을 이해하고 구현할 수 있는 역량
• Linux 기반 C/C++, Python Programming 경험
• 관련 분야 학위자 (컴퓨터공학, 전자공학, 의공학 등)
• 해외여행에 결격사유가 없는자","• 해당 분야 석사/박사 학위
• Deep Learning framework (PyTorch, TensorFlow, TensorRT 등) 에 대한 Contributor 수준의 구현 경험
• 의료영상 및 자율제어 관련 Deep Learning 연구 개발 경험
• 관련 분야 주요 학회 (ICCV, CVPR, ICLR, ICML, ECCV 등) 발표 및 주요 학술지 논문 게재 경험
• 관련 분야 대회 입상 경험","['Github', 'Slack', 'Linux', 'Scikit-Learn', 'C / C++', 'Python', 'C', 'C++', 'Ubuntu', 'CUDA', 'NumPy', 'Notion']",https://www.wanted.co.kr/wd/147486
인공지능 전문가,경기 용인시,"• 비침습 혈당측정을 위한 딥러닝 알고리즘 개발
• 센서 신호 데이터의 전처리","• 성별, 나이 무관
• 인공지능 분야 대학원 전공 또는 인공지능 분야 경력자
• 엔지니어, 리더, C-level 모두 채용 고려",• 인공지능 개발팀을 리딩할 수 있는 역량과 경험을 갖춘 분,"['Github', 'Pytorch', 'Tensorflow', 'Python']",https://www.wanted.co.kr/wd/221103
AI 최적화 엔지니어,서울 관악구,"- AI NPU/GPU 최적화 개발
- AI Model quantization/pruning tool 개발
- 사용 환경; Onnx runtime, Tensor RT, Tensorflow Lite, CUDA, C++ 등","- Pytorch, Python, C++/C# 개발 경력자
- LLVM, MLIR 프레임워크 연구/개발 유경험자
- AI 최적화 유경험자
- AI 최적화, 경량화 유경험자 (CUDA, Onnx runtime, TensorRT, TF Lite, Embedded Sytem AI 구현)","- LLVM, MLIR 프레임워크 연구/개발 유경험자
- CUDA 개발 유경험자
- Pytorch, Onnx, Tensor RT 유경험자
- 컴파일러 관련 과목 수강자
- 관련 전공자(석사 이상) 우대","['Pytorch', 'Python', 'C++', 'CUDA']",https://www.wanted.co.kr/wd/215492
[신입] VISION AI 연구/개발 분야 (팀원),서울 강남구,"• VISION 딥러닝/머신러닝 솔루션 연구 및 개발

• 이미지 분류 및 예측을 위한 딥러닝 모델 개발

• 기존 AI 고도화","• 전공: 공학계열 (컴퓨터공학 또는 수학 전공 등) 우대

• 학력: 대학교 관련 학부 졸업 또는 졸업 예정

• 경력: AI 공부 또는 연구를 하신 분 (Vision AI 관련 연구 우대)

• Python 언어에 능숙하고, CNN, Visual Transformer(ViT) 구조의 모델을 만드는데 익숙한 분

• 영어 논문 및 기술자료를 읽고 최신 기술 Trend를 follow-up 할 수 있는 분","• 컴퓨터 비전 관련 학회에 제1저자 혹은 교신저자로 논문 게재

• 문제를 찾고 해결하는 과정에서 성취감을 느끼시는 분

• 다양한 영상 또는 이미지에 대하여 딥러닝을 활용한 연구 경력

• unsupervised 또는 self / semi / weakly supervised 딥러닝 모델 개발을 할 수 있는 분","['Github', 'Flutter']",https://www.wanted.co.kr/wd/182774
